"Site","bio1","bio2","bio7","Snw","FDD","GDD"
"Cañada",18.7666674175062,16.3359019316852,18.1768039772593,0,0,1013.40004054533
"Penauta",8.9188544914011,8.10966319940992,30.3810774720968,51,58.2610583079583,3883.64958855496
"Rabinalto",6.66935780450016,6.34731039443298,32.8684579109217,108,184.941258262083,4410.08247058979
"Solana",10.2173013524975,10.7068259602024,34.4928580684516,30,30.8564749607917,3766.3601756995
