"Site","bio1","bio2","bio7","Snw","FDD","GDD","ID"
"Cañada",18.7538141466829,15.4458770794676,17.1502321885556,0,0,875.7399802935,"B00"
"Penauta",6.10599845577176,5.76947304525317,28.3689260342419,58,57.7933665851667,1793.59661525367,"D00"
"Rabinalto",5.96091959723442,5.63815800304732,31.8927298789516,73,93.900033298,1792.63168349217,"A00"
"Solana",7.25180946086906,8.88661885882009,34.161196699129,33,29.9542666211667,2028.74530055483,"C00"
