site;bio1;bio2;bio7;Snw;FDD;GDD;ID
Penauta;6.105998456;5.769473045;28.36892603;58;57.79336659;1793.596615;D00
Rabinalto;5.960919597;5.638158003;31.89272988;73;93.9000333;1792.631683;A00
Solana;7.251809461;8.886618859;34.1611967;33;29.95426662;2028.745301;C00
