Site;ID;bio1;bio2;bio7;Snw;FDD;GDD
Cañada;B00;18.76666742;16.33590193;18.17680398;0;0;1013.400041
Penauta;D00;8.918854491;8.109663199;30.38107747;51;58.26105831;3883.649589
Rabinalto;A00;6.669357805;6.347310394;32.86845791;108;184.9412583;4410.082471
Solana;C00;10.21730135;10.70682596;34.49285807;30;30.85647496;3766.360176
