;species;ID;method;n.treatments;theta;psib50;sigma;R2
1;Dianthus langeanus;A02;bradford;5;1.390869574;-0.509155182;0.243281312;0.962479982
2;Dianthus langeanus;A11;bradford;5;1.26677705;-0.442526933;0.271138021;0.975945283
