"","species","ID","method","n.treatments","theta","psib50","sigma","R2"
"1","Dianthus langeanus","A02","bradford",5,1.39086957359992,-0.509155181979453,0.24328131212278,0.962479982251745
"2","Dianthus langeanus","A11","bradford",5,1.26677705019864,-0.442526933364955,0.271138020628967,0.975945283175805
