"Site","bio1","bio2","bio7","Snw","FDD","GDD","ID"
"Penauta",6.67747368020611,6.0704386576134,28.3689261290323,58,57.7933666666667,2182.50765,"D00"
"Rabinalto",6.6006172693903,5.93080650398591,31.8927298387097,73,93.9000333333333,2201.75043333333,"A00"
"Solana",7.75229408910219,9.16228202490453,34.161196699129,33,29.9542666211667,2426.47405054483,"C00"
