"Site","bio1","bio2","bio7","Snw","FDD","GDD","ID"
"Penouta",6.10599845921474,5.7694730810328,28.3689261290323,58,57.7933666666667,1793.59661666667,"D00"
"Rabinalto",5.96091959691063,5.63815800434827,31.8927298387097,73,93.9000333333333,1792.63168333333,"A00"
"Solana",7.25180946086906,8.88661885882009,34.161196699129,33,29.9542666211667,2028.74530055483,"C00"
